{
    "accuracy": 0.4783861671469741,
    "precision": 0.3665338645418327,
    "recall": 0.8070175438596491,
    "f1": 0.5041095890410959,
    "roc_auc": 0.5952488517430916
}